,FIRST_NAME,LAST_NAME,SPORT,BIRTHPLACE,BIRTHPLACE_STATE,HOMETOWN,HOMETOWN_STATE,CURRENT_RESIDENCE,CURRENT_RESIDENCE_STATE,SCHOOL,FULL_BIRTHPLACE,FULL_HOMETOWN,FULL_RESIDENCE
0,Brady,Ellison,Archery,Globe,Arizona,Globe,Arizona,Globe,Arizona,Chula Vista Elite Athlete Training Center,"Globe, Arizona","Globe, Arizona","Globe, Arizona"
1,Casey,Kaufhold,Archery,Lancaster,Pennsylvania,Lancaster,Pennsylvania,Lancaster,Pennsylvania,,"Lancaster, Pennsylvania","Lancaster, Pennsylvania","Lancaster, Pennsylvania"
3,Jennifer,Mucino-Fernandez,Archery,Boston,Massachusetts,"Mexico City, Mexico",,Chula Vista,California,,"Boston, Massachusetts","Mexico City, Mexico, ","Chula Vista, California "
4,Anita,Alvarez,Artistic Swimming,Buffalo ,New York,Kenmore,New York,Los Angeles,California,Pasadena City College,"Buffalo , New York","Kenmore, New York","Los Angeles, California "
5,Daniella,Ramirez,Artistic Swimming,Indianapolis,Indiana,Miami,Florida,Los Angeles,California,University of California - Los Angeles,"Indianapolis, Indiana","Miami, Florida","Los Angeles, California"
6,Megumi,Field,Artistic Swimming,Wilmington ,Delaware,Wilmington,Delaware,Los Angeles,California,Laurel Springs High School/Stanford University ,"Wilmington , Delaware ","Wilmington, Delaware","Los Angeles, California"
7,Jaime,Czarkowski,Artistic Swimming,Calgary,Canada,Calgary,Canada,Los Angeles,California,Western Canada High School,"Calgary, Canada","Calgary, Canada","Los Angeles, California"
8,Jacklyn,Luu,Artistic Swimming,Milpitas,California,Milpitas,California,Palo Alto ,California,Stanford University,"Milpitas, California","Milpitas, California","Palo Alto , California"
10,Keana ,Hunter,Artistic Swimming,Seattle,Washington,Los Angeles,California,Los Angeles,California,Bellevue College,"Seattle, Washington","Los Angeles, California","Los Angeles, California "
12,Jennie,Gai,Badminton,Lowell,Massachusetts,Fremont,California,Fremont,California,University of California - Berkley,"Lowell, Massachusetts","Fremont, California","Fremont, California"
13,Beiwen,Zhang,Badminton,"Anshan, Liaoning, China",,China & Singapore,,Las Vegas,Nevada,,"Anshan, Liaoning, China, ","China & Singapore, ","Las Vegas, Nevada"
14,Annie ,Xu,Badminton,San Jose,California,San Jose ,California,San Jose,California,University of California - Berkley ,"San Jose, California","San Jose , California","San Jose, California"
15,Kerry ,Xu,Badminton,San Jose,California,San Jose ,California,San Jose,California,University of California - Berkley ,"San Jose, California","San Jose , California","San Jose, California"
16,Vinson ,Chiu,Badminton,Southern,California,Southern ,California,San Jose,California,University of California - Berkley ,"Southern, California","Southern , California","San Jose, California"
17,Joshua ,Yuan,Badminton,San Mateo ,California,San Mateo,California,San Mateo ,California,University of California - Berkley ,"San Mateo , California","San Mateo, California","San Mateo , California"
18,Howard ,Shu,Badminton,Los Alamitos,California,Orange County ,California,Los Angeles,California,UCLA ,"Los Alamitos, California","Orange County , California","Los Angeles, California"
19,Canyon,Barry,Basketball 3x3,Fort Wayne,Indiana,Colorado Springs,Colorado,Bradenton,Florida,College of Charleston | University of Florida,"Fort Wayne, Indiana","Colorado Springs, Colorado","Bradenton, Florida"
20,Jimmer,Fredette,Basketball 3x3,Glens Falls,New York,Glens Falls,New York,Denver,Colorado,Brigham Young University,"Glens Falls, New York","Glens Falls, New York","Denver, Colorado"
21,Kareem,Maddox,Basketball 3x3,Los Angeles,California,Oak Park,California,Los Angeles,California,Princeton University,"Los Angeles, California","Oak Park, California","Los Angeles, California"
22,Dylan,Travis,Basketball 3x3,Omaha,Nebraska,Omaha,Nebraska,Omaha,Nebraska,Florida Southern College,"Omaha, Nebraska","Omaha, Nebraska","Omaha, Nebraska"
26,Dearica,Hamby ,Basketball 3x3,Marietta ,Georgia,Marietta ,Georgia,Los Angeles,California,Wake Forest University ,"Marietta , Georgia ","Marietta , Georgia ","Los Angeles, California"
27,Bam,Adebayo,Basketball,Newark ,New Jersey,Pinetown ,North Carolina,Miami ,Florida,University of Kentucky ,"Newark , New Jersey ","Pinetown , North Carolina","Miami , Florida"
28,Devin ,Booker,Basketball,Grand Rapids ,Michigan,Moss Point ,Mississippi,Phoenix ,Arizona,University of Kentucky ,"Grand Rapids , Michigan","Moss Point , Mississippi ","Phoenix , Arizona "
29,Stephen ,Curry ,Basketball,Akron,Ohio,Charlotte ,North Carolina,San Francisco ,California,Davidson College ,"Akron, Ohio ","Charlotte , North Carolina","San Francisco , California"
30,Anthony ,Davis ,Basketball,Chicago ,Illinois,Chicago ,Illinois,Los Angeles,California,University of Kentucky ,"Chicago , Illinois ","Chicago , Illinois ","Los Angeles, California"
31,Kevin ,Durant ,Basketball,Washington ,District of Columbia,Suitland ,Maryland,Phoenix ,Arizona,University of Texas,"Washington , District of Columbia","Suitland , Maryland ","Phoenix , Arizona "
32,Anthony ,Edwards ,Basketball,Atlanta ,Georgia,Atlanta ,Georgia,Minnesota ,Minneapolis,University of Georgia ,"Atlanta , Georgia ","Atlanta , Georgia ","Minnesota , Minneapolis"
33,Joel ,Embiid,Basketball,Yaounde,Cameroon,Yaounde ,Cameroon,Philadelphia ,Pennsylvania,University of Kentucky ,"Yaounde, Cameroon ","Yaounde , Cameroon ","Philadelphia , Pennsylvania "
34,Tyrese,Haliburton,Basketball,Oshkosh,Wisconsin,Oshkosh,Wisconsin,Indianapolis,Indiana,Iowa State University ,"Oshkosh, Wisconsin ","Oshkosh, Wisconsin","Indianapolis, Indiana "
35,Jrue ,Holiday ,Basketball,Los Angeles,California,Los Angeles ,California,Boston,Massachusetts,UCLA,"Los Angeles, California","Los Angeles , California","Boston, Massachusetts"
36,LeBron ,James ,Basketball,Akron,Ohio,Akron ,Ohio,Los Angeles,California,,"Akron, Ohio ","Akron , Ohio ","Los Angeles, California"
37,Kawhi ,Leonard ,Basketball,Riverside ,California,Los Angeles ,California,Los Angeles,California,San Diego State University ,"Riverside , California","Los Angeles , California","Los Angeles, California"
38,Jayson ,Tatum ,Basketball,St. Louis ,Missouri,St. Louis ,Missouri,Boston,Massachusetts,Chaminade College Preparatory School,"St. Louis , Missouri ","St. Louis , Missouri ","Boston, Massachusetts"
39,Napheesa,Collier,Basketball ,O'Fallon ,Missouri,Jefferson City ,Missouri,Minneapolis,Minnesota,University of Conneticut ,"O'Fallon , Missouri ","Jefferson City , Missouri ","Minneapolis, Minnesota "
40,Kahleah,Cooper ,Basketball ,Philadelphia,Pennsylvania,Philadelphia ,Pennsylvania,Phoenix ,Arizona,Rutgers University ,"Philadelphia, Pennsylvania","Philadelphia , Pennsylvania ","Phoenix , Arizona "
41,Chelsea,Gray ,Basketball ,Hayward ,California,Hayward ,California,Las Vegas ,Nevada,Duke University ,"Hayward , California","Hayward , California","Las Vegas , Nevada "
42,Brittney,Griner ,Basketball ,Houston ,Texas,Houston ,Texas,Phoenix ,Arizona,Baylor University ,"Houston , Texas ","Houston , Texas ","Phoenix , Arizona "
43,Sabrina,Ionescu,Basketball ,Walnut Creek ,California,Walnut Creek ,California,New York ,New York,University of Oregon ,"Walnut Creek , California","Walnut Creek , California","New York , New York "
44,Jewell,Loyd ,Basketball ,Chicago ,Illinois,Lincolnwod,Illinois,Seattle ,Washington,University of Notre Dame,"Chicago , Illinois ","Lincolnwod, Illinois ","Seattle , Washington "
45,Kelsey ,Plum,Basketball,Poway ,California,Poway ,California,Las Vegas ,Nevada,University of Washington ,"Poway , California ","Poway , California ","Las Vegas , Nevada "
46,Breanna,Stewart,Basketball,Syracuse,New York,North Syracuse,New York,New York,New York,University of Connecticut,"Syracuse, New York","North Syracuse, New York","New York, New York "
47,Diana,Taurasi,Basketball,Chino,California,Chino,California,Phoenix,Arizona,University of Connecticut,"Chino, California ","Chino, California ","Phoenix, Arizona"
48,Alyssa ,Thomas,Basketball,Harrisburg ,Pensylvania,Harrisburg ,Pensylvania,Uncasville,Connecticut,University of Maryland,"Harrisburg , Pensylvania ","Harrisburg , Pensylvania ","Uncasville, Connecticut"
49,A'ja,Wilson,Basketball,Columbia ,South Carolina,Columbia ,South Carolina,Las Vegas,Nevada,University of South Carolina,"Columbia , South Carolina","Columbia , South Carolina","Las Vegas, Nevada"
50,Jackie ,Young,Basketball,Princeton ,Indiana,Princeton ,Indiana,Las Vegas,Nevada,University of Notre Dame,"Princeton , Indiana ","Princeton , Indiana ","Las Vegas, Nevada"
51,Kelly,Cheng (nee Claes),Beach Volleyball,Fullerton,California,Fullerton,California,Fullerton,California,UCLA,"Fullerton, California","Fullerton, California","Fullerton, California"
58,Miles ,Evans,Beach Volleyball,Santa Barbara ,CA,Santa Barbara ,CA,Hermosa Beach,California,UC Santa Barbara ,"Santa Barbara , CA","Santa Barbara , CA","Hermosa Beach, California "
59,Jahmal,Harvey,Boxing,Oxon Hill,Maryland,Oxon Hill,MD,Oxon Hill,Maryland,,"Oxon Hill, Maryland ","Oxon Hill, MD","Oxon Hill, Maryland "
61,Omari,Jones,Boxing,Orlando,Florida,Orlando,Florida,Orlando,Florida,Valencia College,"Orlando, Florida","Orlando, Florida","Orlando, Florida"
62,Roscoe ,Hill ,Boxing,Spring,TX,Spring,TX,Spring,Texas,,"Spring, TX","Spring, TX","Spring, Texas "
63,Alyssa,Mendoza ,Boxing ,Caldwell ,Idaho,Caldwell ,Idaho,Caldwell ,Idaho,,"Caldwell , Idaho","Caldwell , Idaho","Caldwell , Idaho "
64,Jajaria ,Gonzalez,Boxing,Glendora ,California,Glendora ,California,Glendora ,California,,"Glendora , California ","Glendora , California","Glendora , California "
65,Jennifer,Lozano,Boxing,Laredo ,Texas,Laredo,TX,Laredo ,Texas,,"Laredo , Texas","Laredo, TX","Laredo , Texas "
67,"Logan ""Logistx""",Edra,Breaking,Chula Vista,California,San Diego,California,San Diego,California,,"Chula Vista, California ","San Diego, California ","San Diego, California "
68,Sunny,Choi,Breaking,Queens ,New York,Queens,NY,Queens ,New York,Wharton School at the University of Pennsylvania,"Queens , New York ","Queens, NY","Queens , New York "
70,Victor,Montalvo,Breaking,Kissimmee,Florida,Kissimmee,Florida,Los Angeles ,California,,"Kissimmee, Florida","Kissimmee, Florida","Los Angeles , California "
71,Evy ,Leibfarth ,Canoeing,Sylva ,North Carolina,Bryson City ,North Carolina,Charlotte,North Carolina,Davidson College ,"Sylva , North Carolina","Bryson City , North Carolina","Charlotte, North Carolina "
72,Nevin,Harrison,Canoeing,Seattle,Washington,Seattle ,Washington,San Diego,California,San Diego State University,"Seattle, Washington","Seattle , Washington","San Diego, California"
73,Aaron ,Small ,Canoeing,Seattle,Washington,Seattle,Washington,Seattle ,Washington,University of Washington ,"Seattle, Washington","Seattle, Washington ","Seattle , Washington "
74,Casey ,Eichfeld ,Canoeing,Harrisburg ,Pensylvania,Harrisburg ,Pensylvania,Charlotte,North Carolina,,"Harrisburg , Pensylvania ","Harrisburg , Pensylvania ","Charlotte, North Carolina "
75,Jonas ,Ecker ,Canoeing,Bellingham ,Washington,Bellingham ,Washington,Seattle ,Washington,University of Washington ,"Bellingham , Washington","Bellingham , Washington ","Seattle , Washington "
76,Alise,Willoughby,Cycling (BMX Racing),St. Cloud ,Minnesota,St. Cloud ,Minnesota,Chula Vista ,California,University of San Diego,"St. Cloud , Minnesota ","St. Cloud , Minnesota ","Chula Vista , California "
77,Chloe,Dygert,Cycling (Road),Brownsburg,Indiana,Brownsburg,Indiana,Colorado Springs,Colorado,Marian University,"Brownsburg, Indiana","Brownsburg, Indiana","Colorado Springs, Colorado"
78,Daleny ,Vaughn ,Cycling (BMX Racing),Tucson ,Arizona,Tucson ,Arizona,Tucson ,Arizona,,"Tucson , Arizona ","Tucson , Arizona ","Tucson , Arizona "
79,Felicia,Stancil,Cycling (BMX Racing),Lake County,Illinois,Lake Villa,Illinois,Indianapolis,Indiana,Marian University,"Lake County, Illinois","Lake Villa, Illinois","Indianapolis, Indiana"
80,Haley,Batten,Cycling (Mountain Bike),Park City,Utah,Park City,Utah,Santa Crus,California,Quest University,"Park City, Utah","Park City, Utah","Santa Crus, California"
81,Hannah,Roberts,Cycling (BMX Freestyle),South Bend,Indiana,Buchanan,Michigan,Jacksonville,North Carolina,Buchanan High School,"South Bend, Indiana","Buchanan, Michigan","Jacksonville, North Carolina "
82,Jennifer,Valente,Cycling (Track Cycling),San Diego ,California,San Diego ,California,Colorado Springs,Colorado,,"San Diego , California ","San Diego , California ","Colorado Springs, Colorado"
83,Kristen ,Faulkner,Cycling (Track Cycling),Homer ,Alaska,Homer ,Alaska,San Francisco ,California,Harvard University,"Homer , Alaska ","Homer , Alaska ","San Francisco , California "
84,Lily ,Williams,Cycling (Track Cycling),Tallahassee,Florida,Tallahassee ,Florida,Provence ,France,Vanderbilt University ’16; Northwestern University ’17,"Tallahassee, Florida","Tallahassee , Florida","Provence , France "
85,Perris,Benegas,Cycling (BMX Freestyle),Reno,Nevada,Reno,Nevada,Fuquay Varina,North Carolina,,"Reno, Nevada","Reno, Nevada","Fuquay Varina, North Carolina "
86,Riley,Amos,Cycling (Mountain Bike),Durango,Colorado,Durango,Colorado,Durango,Colorado,,"Durango, Colorado","Durango, Colorado","Durango, Colorado"
87,Savilia ,Blunk,Cycling (Mountain Bike),Santa Rosa,California,Inverness,California,Durango,Colorado,Fort Lewis College,"Santa Rosa, California","Inverness, California","Durango, Colorado"
88,Taylor,Knibb,Cycling (Road),Washington,DC,Washington,DC,Boulder,Colorado,Cornell University,"Washington, DC","Washington, DC","Boulder, Colorado"
89,Olivia ,Cummins,Cycling (Track Cycling),Fort Collins,Colorado,Fort Collins,Colorado,Grand Junction,Colorado,Colorado Mesa University,"Fort Collins, Colorado ","Fort Collins, Colorado ","Grand Junction, Colorado"
90,Brandon,McNulty,Cycling (Road),Phoenix,Arizona,Phoenix,Arizona,Phoenix,Arizona,,"Phoenix, Arizona","Phoenix, Arizona","Phoenix, Arizona"
91,Cameron ,Wood,Cycling (BMX Racing),Montana City ,Montana,Montana City ,Montana,Phoenix,Arizona,,"Montana City , Montana ","Montana City , Montana ","Phoenix, Arizona"
92,Christopher,Blevins,Cycling (Mountain Bike),Durango,Colorado,Durango,Colorado,San Luis Obisp,California,California Polytechnic State University,"Durango, Colorado","Durango, Colorado","San Luis Obisp, California "
93,Grant ,Koontz,Cycling (Track Cycling),Houston ,Texas,Houston ,Texas,Tollan ,Colorado,"Texas A&M University,","Houston , Texas ","Houston , Texas ","Tollan , Colorado"
94,Justin,Dowell,Cycling (BMX Freestyle),Virginia Beach,Virginia,Virginia Beach,Virginia,Fuquay Varina,North Carolina,Princess Anne High School (Virginia Beach),"Virginia Beach, Virginia","Virginia Beach, Virginia","Fuquay Varina, North Carolina "
95,Kamren ,Larsen,Cycling (BMX Racing),Bakersfield ,California,Bakersfield ,California,Oldsmar ,Florida,Grand Canyon University ,"Bakersfield , California ","Bakersfield , California ","Oldsmar , Florida "
96,Magnus,Sheffield,Cycling (Road),Pittsford ,New York,Pittsford ,New York,Andorra ,Europe,,"Pittsford , New York ","Pittsford , New York ","Andorra , Europe "
97,Marcus,Christopher,Cycling (BMX Freestyle),Canton,Ohio,Canton,Ohio,Canton,Ohio,,"Canton, Ohio","Canton, Ohio","Canton, Ohio"
98,Matteo ,Jorgenson,Cycling (Road),Walnut Creek,California,Boise,Idaho,Nice,France,,"Walnut Creek, California","Boise, Idaho ","Nice, France"
99,Alison,Gibson,Diving,Houston,Texas,Austin,Texas,Austin,Texas,University of Texas,"Houston, Texas","Austin, Texas","Austin, Texas"
101,Delaney,Schnell,Diving,Iron Mountain,Michigan,Tucson,Arizona,Tucson,Arizona,University of Arizona,"Iron Mountain, Michigan","Tucson, Arizona","Tucson, Arizona"
102,Kassidy ,Cook ,Diving,Plantation ,Florida,The Woodlands,Texas,Minneapolis,Minnestoa,Stanford University ,"Plantation , Florida ","The Woodlands, Texas ","Minneapolis, Minnestoa "
103,Jessica,Parratto,Diving,Dover,New Hampshire,Dover,New Hampshire,Bloomington,Indiana,Indiana University Bloomington ,"Dover, New Hampshire","Dover, New Hampshire","Bloomington, Indiana"
104,Sarah,Bacon,Diving,Indianapolis,Indiana,Indianapolis,Indiana,Minneapolis,Minnestoa,University of Minnesota,"Indianapolis, Indiana","Indianapolis, Indiana","Minneapolis, Minnestoa "
105,Andrew,Capobianco,Diving,Mineola,New York,Holly Springs,North Carolina,Bloomington ,Indiana,Indiana University Bloomington,"Mineola, New York","Holly Springs, North Carolina","Bloomington , Indiana "
107,Carson,Tyler,Diving,Moultrie,Georgia,Moultrie,Georgia,Bloomington ,Indiana,Indiana University ,"Moultrie, Georgia","Moultrie, Georgia","Bloomington , Indiana "
108,Greg,Duncan,Diving,Roanoke,Virginia,Oakton,Virginia,West Lafayette ,Indiana,Purdue Universtiy,"Roanoke, Virginia","Oakton, Virginia","West Lafayette , Indiana"
109,Tyler,Downs,Diving,Saint Louis,Missouri,Ballwin,Missouri,Ballwin,Missouri,Laurel Springs Online School (2021),"Saint Louis, Missouri","Ballwin, Missouri","Ballwin, Missouri"
110,Boyd,Martin,Equestrian (Eventing),Sydney,Australia,Cochranville,Pennslyvania,Cochranville,Pennslyvania,Nimbin University (Australia) ,"Sydney, Australia","Cochranville, Pennslyvania ","Cochranville, Pennslyvania "
111,Will ,Coleman,Equestrian (Eventing),Locust Valley ,New York,Gordonsville,Virginia,Ocala ,Florida,University of Virginia,"Locust Valley , New York","Gordonsville, Virginia ","Ocala , Florida "
113,Adrienne,Lyle ,Equestrian (Dressage) ,Coupeville ,Washington,Coupeville ,Washington,Wellmington ,North Carolina,,"Coupeville , Washington ","Coupeville , Washington ","Wellmington , North Carolina "
114,Marcus ,Orlob,Equestrian (Dressage) ,Dusseldorf ,Germany,Dusseldorf ,Germany,Loxahatchee,Florida,German Riding School ,"Dusseldorf , Germany ","Dusseldorf , Germany ","Loxahatchee, Florida "
115,Steffen ,Peters ,Equestrian (Dressage) ,Wesel ,Germany,San Diego ,California,Del Mar ,California,,"Wesel , Germany ","San Diego , California ","Del Mar , California "
116,Lee,Kiefer,Fencing,Cleveland,Ohio,Lexington,Kentucky,Lexington,Kentucky,University of Notre Dame | University of Kentucky,"Cleveland, Ohio","Lexington, Kentucky","Lexington, Kentucky"
117,Anne,Cebula,Fencing,Brooklyn,New York,Brooklyn,New York,New York,New York,Barnard College,"Brooklyn, New York","Brooklyn, New York","New York, New York"
118,Margherita,Guzzi Vincenti,Fencing,Milan,Italty,Hartland,Wisconsin,Hartland ,Wisconsin,Penn State Univeristy ,"Milan, Italty","Hartland, Wisconsin","Hartland , Wisconsin"
120,Eli,Dershwitz,Fencing,Boston,Massachusetts,Sherborn,Massachusetts,Sherborn,Massachusetts,Harvard University,"Boston, Massachusetts","Sherborn, Massachusetts","Sherborn, Massachusetts"
122,Nick,Itkin,Fencing,Los Angeles,California,Los Angeles,California,South Bend,Indiana,University of Notre Dame,"Los Angeles, California","Los Angeles, California","South Bend, Indiana"
123,Alexander,Massialas,Fencing,San Francisco,California,San Francisco,California,San Francisco,California,Stanford University,"San Francisco, California","San Francisco, California","San Francisco, California"
124,Jackie,Dubrovich,Fencing,Paterson,New Jersey,Riverdale,New Jersey,Maplewood,New Jersey,Columbia University,"Paterson, New Jersey","Riverdale, New Jersey","Maplewood, New Jersey"
125,Lauren,Scruggs,Fencing,Queens,New York,Queens,New York,Cambridge,Massachusetts,Harvard University,"Queens, New York","Queens, New York","Cambridge, Massachusetts"
126,Tatiana,Nazlymov,Fencing,Bethesda,Maryland,Bethesda,Maryland,Princeton,New Jersey,Princeton University,"Bethesda, Maryland","Bethesda, Maryland","Princeton, New Jersey"
127,Magda,Skarbonkiewicz,Fencing,Portland,Oregon,Portland,Oregon,Portland,Oregon,University of Notre Dame - incoming freshman,"Portland, Oregon","Portland, Oregon","Portland, Oregon"
129,Gerek,Meinhardt,Fencing,San Francisco,California,San Francisco,California,Lexington,Kentucky,University of Notre Dame,"San Francisco, California","San Francisco, California","Lexington, Kentucky"
132,Kat,Holmes ,Fencing,Washington ,District of Columbia,Washington ,District of Columbia,New York ,New York,Princeton University ,"Washington , District of Columbia ","Washington , District of Columbia ","New York , New York "
133,Maia ,Weintraub ,Fencing ,Philadelphia ,Pennsylvania,Philadelphia ,Pennsylvania,New York ,New York,Princeton University ,"Philadelphia , Pennsylvania ","Philadelphia , Pennsylvania","New York , New York "
134,Miles ,Chamley-Watson,Fencing ,Westminister ,England,Westiminster ,England,University Park ,Pennsylvania,Penn State University ,"Westminister , England ","Westiminster , England ","University Park , Pennsylvania "
135,Filip ,Dolegiewicz,Fencing ,Park Ridge ,Illinois,Park Ridge ,Illinois,Boston ,Massachusetts,Harvard University ,"Park Ridge , Illinois ","Park Ridge , Illinois","Boston , Massachusetts "
136,Kelsey ,Bing,Field Hockey,Houston ,Texas,Houston ,Texas,Santa Clara ,California,Stanford University ,"Houston , Texas ","Houston , Texas ","Santa Clara , California "
137,Leah ,Crouse ,Field Hockey,Virginia Beach ,Virginia,Virginia Beach ,Virginia,Spring City ,Pennsylvania,Duke University ,"Virginia Beach , Virginia ","Virginia Beach , Virginia ","Spring City , Pennsylvania "
138,Brooke ,DeBerdine,Field Hockey,Millersville ,Pennsylvania,Millersville ,Pennsylvania,Spring City ,Pennsylvania,University Maryland ,"Millersville , Pennsylvania ","Millersville , Pennsylvania ","Spring City , Pennsylvania "
139,Emma ,DeBerdine,Field Hockey,Millersville ,Pennsylvania,Millersville ,Pennsylvania,Spring City ,Pennsylvania,University Maryland ,"Millersville , Pennsylvania ","Millersville , Pennsylvania ","Spring City , Pennsylvania "
140,Phia ,Gladieux,Field Hockey,Oley ,Pennsylvania,Oley ,Pennsylvania,Conshohocken,Pennsylvania,Penn State University ,"Oley , Pennsylvania ","Oley , Pennsylvania ","Conshohocken, Pennsylvania "
141,Amanda ,Golini,Field Hockey,Randolph ,New Jersey,Randolph ,New Jersey,Conshohocken,Pennsylvania,Randolph High School Lafayette College,"Randolph , New Jersey ","Randolph , New Jersey ","Conshohocken, Pennsylvania "
142,Ally ,Hammel,Field Hockey,Duxbury ,Massachusetts,Duxbury ,Massachusetts,Duxbury ,Massachusetts,Boston University ,"Duxbury , Massachusetts","Duxbury , Massachusetts ","Duxbury , Massachusetts "
143,Ashley ,Hoffman,Field Hockey,Mohnton ,Pennsylvania,Mohnton,Pennsylvania,Conshohocken,Pennsylvania,University of North Carolina ,"Mohnton , Pennsylvania ","Mohnton, Pennsylvania ","Conshohocken, Pennsylvania "
144,Karlie ,Kisha,Field Hockey,Hamburg,Pennsylvania,Hamburg,Pennsylvania,Villanova ,Pennsylvania,University of Connecticut ,"Hamburg, Pennsylvania ","Hamburg, Pennsylvania ","Villanova , Pennsylvania "
145,Kelee,Lepage,Field Hockey,Honey Brook,Pennsylvania,Honey Brook,Pennsylvania,Charlotte,North Carolina,University of Maryland ,"Honey Brook, Pennsylvania ","Honey Brook, Pennsylvania ","Charlotte, North Carolina "
146,Ashley ,Sessa,Field Hockey,Schwenksville,Pennsylvania,Schwenksville,Pennsylvania,Evanston ,Illinois,Northwestern University ,"Schwenksville, Pennsylvania ","Schwenksville, Pennsylvania ","Evanston , Illinois"
147,Meredith ,Sholder,Field Hockey,Fleetwood ,Pennsylvania,Fleetwood ,Pennsylvania,Chapel Hill ,North Carolina,University of North Carolina,"Fleetwood , Pennsylvania ","Fleetwood , Pennsylvania ","Chapel Hill , North Carolina "
148,Abby ,Tamer,Field Hockey,Dexter ,Michigan,Dexter ,Michigan,Ann Arbor ,Michigan,University of Michigan ,"Dexter , Michigan ","Dexter , Michigan ","Ann Arbor , Michigan "
149,Megan ,Valzonis,Field Hockey,San Diego,California,San Diego,California,Berkeley ,California,UC Berkeley ,"San Diego, California ","San Diego, California ","Berkeley , California "
150,Beth ,Yeager,Field Hockey,Greenwich,Connecticut,Greenwich,Connecticut,Princeton ,New Jersey,Princeton University,"Greenwich, Connecticut","Greenwich, Connecticut","Princeton , New Jersey"
151,Maddie ,Zimmer,Field Hockey,Owatonna,Minnesota,Hershey ,Pennsylvania,Evanston ,Illinois,Northwestern University ,"Owatonna, Minnesota ","Hershey , Pennsylvania ","Evanston , Illinois"
152,Nelly,Korda,Golf,Bradenton,Florida,Bradenton,Florida,Bradenton,Florida,,"Bradenton, Florida","Bradenton, Florida","Bradenton, Florida"
153,Lilia,Vu,Golf,Fountain Valley ,California,Fountain Valley ,California,Fountain Valley ,California,UCLA,"Fountain Valley , California ","Fountain Valley , California ","Fountain Valley , California "
154,Rose,Zhang,Golf,Arcadia ,California,Irvine ,California,Stanford ,California,Stanford University ,"Arcadia , California ","Irvine , California","Stanford , California "
155,Collin ,Morikawa,Golf,Los Angeles,California,Los Angeles,California,Las Vegas,Nevada,"University of California, Berkeley","Los Angeles, California","Los Angeles, California","Las Vegas, Nevada"
156,Scottie ,Scheffler ,Golf ,Ridgewood ,New Jersey,Dallas ,Texas,Dallas ,Texas,University of Texas ,"Ridgewood , New Jersey ","Dallas , Texas ","Dallas , Texas"
157,Wyndham,Clark,Golf,Denver ,Colorado,Denver ,Colorado,Scottsdale ,Arizona,Univeristy of Oregon ,"Denver , Colorado","Denver , Colorado","Scottsdale , Arizona"
158,Xander,Schauffele,Golf,San Diego,California,San Diego,California,Jupiter ,Florida,Long Beach University I San DIego State,"San Diego, California","San Diego, California","Jupiter , Florida "
173,Jack ,Yonezuka,Judo ,West Long Beach ,New Jersey,West Long Beach ,New Jersey,West Long Beach ,New Jersey,,"West Long Beach , New Jersey ","West Long Beach , New Jersey","West Long Beach , New Jersey "
176,Angelica ,Delgado,Judo ,Miami ,Florida,Miami ,Florida,Coconut Creek,Florida,Florida International University,"Miami , Florida","Miami , Florida ","Coconut Creek, Florida "
178,Evita,Griskenas,Rhythmic Gymnastics,Chicago,Illinois,Orland Park,Illinois,New York,New York,Columbia University,"Chicago, Illinois","Orland Park, Illinois","New York, New York"
180,Kara,Kohler,Rowing,Clayton,California,Clayton,California,Austin,Texas,"University of California, Berkley","Clayton, California","Clayton, California","Austin, Texas"
181,William,Bender,Rowing,Norwich,Vermont,Norwich,Vermont,Norwich ,Vermont,Dartmouth College,"Norwich, Vermont","Norwich, Vermont","Norwich , Vermont"
183,Charlotte ,Buck,Rowing,Nyack,New York,Nyack,New York,Princeton,New Jersey,Columbia University,"Nyack, New York","Nyack, New York","Princeton, New Jersey"
184,Molly,Bruggeman,Rowing,Dayton,Ohio,Dayton,Ohio,Princeton,New Jersey,University of Notre Dame,"Dayton, Ohio","Dayton, Ohio","Princeton, New Jersey"
185,Nina,Casatagna,Rowing,Cincinnati,Ohio,Cincinnati,Ohio,Princeton,New Jersey,University of Washington,"Cincinnati, Ohio","Cincinnati, Ohio","Princeton, New Jersey"
186,Olivia,Coffey,Rowing,Elmira,New York,Watkins Glen,New York,Princeton,New Jersey,Harvard University,"Elmira, New York","Watkins Glen, New York","Princeton, New Jersey"
187,Claire,Collins,Rowing,Greenbrae,California,McLean,Virginia,Princeton,New Jersey,Princeton University,"Greenbrae, California","McLean, Virginia","Princeton, New Jersey"
189,Emily,Kallfelz,Rowing,Jamestown,Rhode Island,Jamestown,Rhode Island,Jamestown,Rhode Island,Princeton University,"Jamestown, Rhode Island","Jamestown, Rhode Island","Jamestown, Rhode Island"
190,Kaitlin,Knifton,Rowing,Austin,Texas,Austin,Texas,Austin,Texas,The University of Texas at Austin,"Austin, Texas","Austin, Texas","Austin, Texas"
192,Meghan,Musnicki,Rowing,Naples,New York,Naples,New York,San Francisco,California,St. Lawrence University | Ithaca College,"Naples, New York","Naples, New York","San Francisco, California"
193,Molly,Reckford,Rowing,Short Hills,New Jersey,Short Hills,New Jersey,Menlo Park ,California,Dartmouth College,"Short Hills, New Jersey","Short Hills, New Jersey","Menlo Park , California"
195,Regina,Salmons,Rowing,Methuen,Massachusetts,Methuen,Massachusetts,Princeton,New Jersey,University of Pennsylvania,"Methuen, Massachusetts","Methuen, Massachusetts","Princeton, New Jersey"
196,Michelle,Sechser ,Rowing,San Luis Obispo,California,Folsom,California,Portsmouth,New Hampshire,University of Tulsa,"San Luis Obispo, California","Folsom, California","Portsmouth, New Hampshire"
198,Kristi,Wagner,Rowing,Weston,Massachusetts,Weston,Massachusetts,Saratoga Springs,New York,Yale University,"Weston, Massachusetts","Weston, Massachusetts","Saratoga Springs, New York"
199,Madeleine ,Wanamaker,Rowing,Neenah,Wisconsin,Neenah,Wisconsin,Princeton,New Jersey,University of Wisconsin,"Neenah, Wisconsin","Neenah, Wisconsin","Princeton, New Jersey"
200,Justin,Best,Rowing,Kennett Square,Pennsylvania,Kennett Square,Pennsylvania,Oakland,California,Drexel University,"Kennett Square, Pennsylvania","Kennett Square, Pennsylvania","Oakland, California"
201,Liam,Corrigan,Rowing,Old Lyme,Connecticut,Old Lyme,Connecticut,San Francisco,California,Harvard University,"Old Lyme, Connecticut","Old Lyme, Connecticut","San Francisco, California"
202,Michael,Grady,Rowing,Pittsburgh,Pennsylvania,Pittsburgh,Pennsylvania,Oakland,California,Cornell University,"Pittsburgh, Pennsylvania","Pittsburgh, Pennsylvania","Oakland, California"
203,Nick,Mead,Rowing,Strafford,Pennsylvania,Strafford,Pennsylvania,New York,New York,Princeton University,"Strafford, Pennsylvania","Strafford, Pennsylvania","New York, New York"
204,Jacob ,Plihal,Rowing ,Seattle ,Washington,Seattle ,Washington,Seattle,Washington,Northeastern University ,"Seattle , Washington ","Seattle , Washington","Seattle, Washington"
205,Ben ,Davison,Rowing ,Iverness,Florida,Iverness ,Florida,Iverness ,Florida,University of Washington ,"Iverness, Florida ","Iverness , Florida","Iverness , Florida "
206,Sorin,Koszyk,Rowing ,Grosse Point Park ,Michigan,Grosse Point Park ,Michigan,Oakland ,California,Cornell University ,"Grosse Point Park , Michigan ","Grosse Point Park , Michigan ","Oakland , California"
209,Clark ,Dean,Rowing ,Sarasota,Florida,Sarasota,Florida,Oakland,California,Harvard University,"Sarasota, Florida","Sarasota, Florida","Oakland, California"
213,Pieter,Quinton,Rowing ,Portland,Oregon,Portland,Oregon,Oakland,California,Harvard University,"Portland, Oregon","Portland, Oregon","Oakland, California"
216,Jessia ,Thoennes,Rowing ,Madison,Wisconsin,Madison ,Wisconsin,Denver ,Colorado,,"Madison, Wisconsin","Madison , Wisconsin","Denver , Colorado"
226,Kayla ,Canett,Rugby ,Fallbrook ,California,Fallbrook ,California,Los Angeles ,California,Pennsylvania State University ,"Fallbrook , California ","Fallbrook , California ","Los Angeles , California "
227,Lauren ,Doyle,Rugby ,Boody ,Illinois,Boody ,Illinois,Chicago ,Illinois,Eastern Illinois University,"Boody , Illinois ","Boody , Illinois ","Chicago , Illinois "
228,Alev ,Kelter,Rugby ,Eagleriver ,Arkansas,Eagleriver ,Arkansas,Los Angeles ,California,University of Wisconsin ,"Eagleriver , Arkansas ","Eagleriver , Arkansas ","Los Angeles , California"
229,Sarah,Levy,Rugby ,Cape Town ,South Africa,San Diego ,California,New York,New York,Northeastern University ,"Cape Town , South Africa ","San Diego , California ","New York, New York "
230,Ilona ,Maher,Rugby ,Burlington ,Vermont,Burlington ,Vermont,Los Angeles ,California,Quinnipiac University,"Burlington , Vermont ","Burlington , Vermont ","Los Angeles , California"
231,Alena ,Olsen,Rugby ,Grand Rapids ,Michigan,Grand Rapids ,Michigan,Los Angeles ,California,University of Michigan ,"Grand Rapids , Michigan ","Grand Rapids , Michigan ","Los Angeles , California "
232,Ariana,Ramsey,Rugby ,Bridgeport ,Pennsylvania,Bridgeport ,Pennsylvania,Philadelphia ,Pennsylvania,Dartmouth College ,"Bridgeport , Pennsylvania ","Bridgeport , Pennsylvania","Philadelphia , Pennsylvania "
233,Steph ,Rovetti,Rugby ,Reno,Nevada,Reno,Nevada,San Diego,California,Brigham Young University,"Reno, Nevada","Reno, Nevada","San Diego, California"
234,Spiff ,Sedrick,Rugby ,Salt Lake City,Utah,Salt Lake City,Utah,Los Angeles ,California,Life University,"Salt Lake City, Utah","Salt Lake City, Utah","Los Angeles , California "
235,Sammy ,Sullivan,Rugby ,Fayetteville,North Carolina,Fayetteville,North Carolina,Glendale ,Colorado,Army West Point,"Fayetteville, North Carolina","Fayetteville, North Carolina","Glendale , Colorado "
236,Naya,Tapper,Rugby,Beaufort,South Carolina,Charlotte,North Carolina,San Diego,California,University of North Carolina ,"Beaufort, South Carolina","Charlotte, North Carolina","San Diego, California"
237,Daniela,Moroz,Sailing,San Francisco Bay Area,California,San Francisco Bay Area,California,San Francisco,California,University of Hawaii,"San Francisco Bay Area, California","San Francisco Bay Area, California","San Francisco, California"
238,Lara,Dallman-Weiss,Sailing,Shoreview,Minnesota,Miami,Florida,Miami,Florida,Eckerd College,"Shoreview, Minnesota","Miami, Florida","Miami, Florida"
239,Erika,Reineke,Sailing,Fort Lauderdale,Florida,Fort Lauderdale,Florida,Fort Lauderdale,Florida,Boston College,"Fort Lauderdale, Florida","Fort Lauderdale, Florida","Fort Lauderdale, Florida"
240,Dominique,Stater,Sailing,Miami,Florida,Miami,Florida,Miami,Florida,University of Miami,"Miami, Florida","Miami, Florida","Miami, Florida"
241,Stephanie,Roble,Sailing,Miami ,Florida,East Troy,Wisconsin,Miami,Florida,Old Dominion University,"Miami , Florida","East Troy, Wisconsin","Miami, Florida"
242,Maggie,Shea,Sailing,Chicago,Illinois,Wilmette,Illinois,Chicago ,Illinois,Connecticut College,"Chicago, Illinois","Wilmette, Illinois","Chicago , Illinois"
243,Sarah,Newberry Moore,Sailing,Miami ,Florida,Miami ,Florida,Miami,Florida,New College of Florida ,"Miami , Florida","Miami , Florida","Miami, Florida"
244,Stu,McNay,Sailing,Boston,Massachusetts,Providence ,Rhode Island,Providence ,Rhode Island,Yale University,"Boston, Massachusetts","Providence , Rhode Island","Providence , Rhode Island"
245,Hans,Henken,Sailing,San Clemente,California,Coronado,California,San Francisco,California,California Rowing Club,"San Clemente, California","Coronado, California","San Francisco, California"
246,Ian,Barrows,Sailing,St. Thomas,U.S. Virgin Islands,St. Thomas,U.S. Virgin Islands,St. Thomas,U.S. Virgin Islands,Yale University,"St. Thomas, U.S. Virgin Islands","St. Thomas, U.S. Virgin Islands","St. Thomas, U.S. Virgin Islands"
247,Noah,Lyons,Sailing,Clearwater ,Florida,Clearwater ,Florida,Clearwater ,Florida,University of South Florida ,"Clearwater , Florida","Clearwater , Florida","Clearwater , Florida"
248,Markus,Edegran,Sailing,West Palm Beach ,Florida,West Palm Beach ,Florida,Clearwater ,Florida,St. Mary's College of Maryland ,"West Palm Beach , Florida","West Palm Beach , Florida","Clearwater , Florida"
249,David,Liebenberg,Sailing,West Palm Beach ,Florida,West Palm Beach ,Florida,Miami,Florida,Tufts University ,"West Palm Beach , Florida","West Palm Beach , Florida","Miami, Florida"
250,Katelyn,Abeln,Shooting,Douglasville,George,Douglasville,Georgia,Douglasville ,Georgia,Ohio State University,"Douglasville, George","Douglasville, Georgia","Douglasville , Georgia"
251,Alexis ,Lagan,Shooting ,Boulder City,Nevada,Boulder City,Nevada,Boulder City,Nevada,University of Utah,"Boulder City, Nevada","Boulder City, Nevada","Boulder City, Nevada"
252,Sagen,Maddalena,Shooting,Woodland,California,Groveland,California,Fort Benning,Georgia,University of Alaska Fairbanks,"Woodland, California","Groveland, California","Fort Benning, Georgia"
253,Mary,Tucker,Shooting,Pineville,North Carolina,Sarasota ,Florida,Sarasota,Florida,University of Kentucky | University of West Virginia ,"Pineville, North Carolina","Sarasota , Florida","Sarasota, Florida"
254,Ryann,Phillips,Shooting,Gail,Texas,Gail,Texas,Corpus Christi,Texas,Texas A&M University-Corpus Christi,"Gail, Texas","Gail, Texas","Corpus Christi, Texas"
255,Austen ,Smith,Shooting,Dallas,Texas,Keller,Texas,Keller,Texas,University of Texas - Arlington,"Dallas, Texas","Keller, Texas","Keller, Texas"
256,Rachel,Tozier,Shooting,Liberty,Missouri,Pattonsburg,Missouri,Fort Moore,Georgia,University of Central Missouri,"Liberty, Missouri","Pattonsburg, Missouri","Fort Moore, Georgia"
257,Dania,Vizzi,Shooting,Tampa,Florida,Tampa,Florida,Odessa,Florida,University of Florida,"Tampa, Florida","Tampa, Florida","Odessa, Florida"
258,Ada,Khorkin ,Shooting ,Brookline ,Massachusetts,Brookline ,Massachusetts,Brookline ,Massachusetts,,"Brookline , Massachusetts","Brookline , Massachusetts","Brookline , Massachusetts "
259,Ivan,Roe,Shooting,Bozeman,Montana,Manhattan,Montana,Fort Moore,Georgia,Murray State University,"Bozeman, Montana","Manhattan, Montana","Fort Moore, Georgia"
260,Vincent,Hancock,Shooting,Port Charlotte,Florida,Eatonton,Georgia,Fort Worth,Texas,Troy University,"Port Charlotte, Florida","Eatonton, Georgia","Fort Worth, Texas"
261,Will,Hinton,Shooting,Lawrenceville,Georgia,Dacula,Georgia,Fort Moore,Georgia,Dacula High School,"Lawrenceville, Georgia","Dacula, Georgia","Fort Moore, Georgia"
262,Derrick,Mein,Shooting,Paola ,Kansas,Paola ,Kansas,Marengo,Ohio,Kansas State University ,"Paola , Kansas","Paola , Kansas","Marengo, Ohio"
263,Conner,Prince,Shooting,Burleson,Texas,Burleson,Texas,Burleson,Texas,Centennial High School,"Burleson, Texas","Burleson, Texas","Burleson, Texas"
264,Keith,Sanderson,Shooting,Plymouth,Massachusetts,Colorado Springs,Colorado,Seattle,Washington,,"Plymouth, Massachusetts","Colorado Springs, Colorado","Seattle, Washington"
265,Henry ,Leverett ,Shooting ,Bainbridge ,Georgia,Bainbridge,Georgia,Vienna ,Austria,Diplomatische Akademie Wien,"Bainbridge , Georgia ","Bainbridge, Georgia","Vienna , Austria "
266,Chris,Joslin,Skateboarding,Hawaiian Gardens,California,Hawaiian Gardens,California,Hawaiian Gardens,California,,"Hawaiian Gardens, California","Hawaiian Gardens, California","Hawaiian Gardens, California"
267,Gavin ,Bottger,Skateboarding,Oceanside ,California,Oceanside ,California,Oceanside ,California,,"Oceanside , California","Oceanside , California","Oceanside , California"
268,Jagger,Eaton,Skateboarding,Mesa,Arizona,Mesa,Arizona,Los Angeles,California,,"Mesa, Arizona","Mesa, Arizona","Los Angeles, California"
269,Nyjah,Huston,Skateboarding,Davis,California,Davis,California,Laguna Beach,California,,"Davis, California","Davis, California","Laguna Beach, California"
270,Tate ,Carew,Skateboarding,San Diego ,California,San Diego ,California,San Diego ,California,,"San Diego , California","San Diego , California","San Diego , California"
271,Tom,Schaar,Skateboarding,Malibu ,California,Malibu ,California,San Diego ,California,San Dieguito High School Academy,"Malibu , California","Malibu , California","San Diego , California"
272,Bryce,Wettstein,Skateboarding,Encinitas,California,Encinitas,California,Encinitas,California,"MiraCosta College, San Elijo Campus","Encinitas, California","Encinitas, California","Encinitas, California"
273,Mariah,Duran,Skateboarding,Albuquerque,New Mexico,Albuquerque,New Mexico,Albuquerque,New Mexico,,"Albuquerque, New Mexico","Albuquerque, New Mexico","Albuquerque, New Mexico"
274,Minna ,Stess,Skateboarding,Petaluma,California,Petaluma,California,Petaluma,California,,"Petaluma, California","Petaluma, California","Petaluma, California"
275,Paige ,Heyn,Skateboarding,Tempe,Arizona,Tempe,Arizona,Tempe,Arizona,,"Tempe, Arizona ","Tempe, Arizona ","Tempe, Arizona "
276,Poe ,Pinson,Skateboarding,Fernandina Beach ,Florida,Fernandina Beach ,Florida,Fernandina Beach ,Florida,,"Fernandina Beach , Florida ","Fernandina Beach , Florida ","Fernandina Beach , Florida "
277,Ruby,Lilley,Skateboarding,Ocean City ,Maryland,Oceanside ,California,Oceanside ,California,,"Ocean City , Maryland","Oceanside , California ","Oceanside , California "
278,Brooke,Raboutou,Sport Climbing,Boulder,Colorado,Boulder,Colorado,Boulder,Colorado,University of San Diego,"Boulder, Colorado","Boulder, Colorado","Boulder, Colorado"
279,Emma ,Hunt,Sport Climbing,Woodstock,Georgia,Woodstock,Georgia,Woodstock,Georgia,Kennesaw State University,"Woodstock, Georgia","Woodstock, Georgia","Woodstock, Georgia"
280,Natalia,Grossman,Sport Climbing,Santa Cruz,California,Boulder,Colorado,Salt Lake City,Utah,University of Colorado - Boulder,"Santa Cruz, California","Boulder, Colorado","Salt Lake City, Utah"
281,Piper,Kelly,Sport Climbing,Indianapolis,Indiana,Indianapolis,Indiana,Salt Lake City,Utah,Xavier University,"Indianapolis, Indiana","Indianapolis, Indiana","Salt Lake City, Utah"
282,Colin,Duffy,Sport Climbing,Broomfield,Colorado,Broomfield,Colorado,Broomfied,Colorado,University of Colorado - Boulder,"Broomfield, Colorado","Broomfield, Colorado","Broomfied, Colorado"
283,Jesse,Grupper,Sport Climbing,New York,New York,Montclair,New Jersey,Salt Lake City,Utah,Tufts University,"New York, New York","Montclair, New Jersey","Salt Lake City, Utah"
284,Samuel,Watson,Sport Climbing,Southlake,Texas,Southlake,Texas,Dallas,Texas,,"Southlake, Texas","Southlake, Texas","Dallas, Texas"
285,Zach ,Hammer,Sport Climbing,Ann Arbor,Michigan,Ann Arbor,Michigan,Ann Arbor,Michigan,,"Ann Arbor, Michigan","Ann Arbor, Michigan","Ann Arbor, Michigan"
286,Alyssa,Naeher,Soccer,Bridgeport,Connecticut,Bridgeport,Connecticut,Chicago,Illinois,Penn State University,"Bridgeport, Connecticut","Bridgeport, Connecticut","Chicago, Illinois"
287,Casey ,Krueger,Soccer,Naperville,Illinois,Naperville,Illinois,Chicago,Illinois,Florida State University,"Naperville, Illinois","Naperville, Illinois","Chicago, Illinois"
288,Casey,Murphy,Soccer,Bridgewater,New Jersey,Bridgewater,New Jersey,Cary,North Carolina,Rutgers,"Bridgewater, New Jersey","Bridgewater, New Jersey","Cary, North Carolina"
289,Catarina ,Macario,Soccer,"Sao Luis, Brazil",,San Diego,California,"London, England",,Stanford University,"Sao Luis, Brazil, ","San Diego, California","London, England, "
290,Crystal,Dunn,Soccer,New Hyde Park,New York,Rockville Centre,New York,"Washington, DC",,University of North Carolina at Chapel Hill,"New Hyde Park, New York","Rockville Centre, New York","Washington, DC, "
291,Emily,Fox,Soccer,Ashburn,Virginia,Ashburn,Virginia,Cary,North Carolina,University of North Carolina at Chapel Hill,"Ashburn, Virginia","Ashburn, Virginia","Cary, North Carolina"
292,Emily,Sonnett,Soccer,Marietta,Georgia,Marietta,Georgia,Seattle,Washington,University of Virginia,"Marietta, Georgia","Marietta, Georgia","Seattle, Washington"
293,Jaedyn ,Shaw,Soccer,Frisco ,Texas,Frisco ,Texas,San Diego ,California,University of North Carolina at Chapel Hill,"Frisco , Texas ","Frisco , Texas ","San Diego , California "
294,Jenna ,Nighswonger,Soccer,Huntington Beach ,California,Huntington Beach ,California,Harrison ,New Jersey,Florida State University,"Huntington Beach , California","Huntington Beach , California ","Harrison , New Jersey "
295,Korbin ,Albert,Soccer,Grayslake ,Illinois,Grayslake ,Illinois,France,,Notre Dame University,"Grayslake , Illinois ","Grayslake , Illinois ","France, "
296,Lindsey,Horan,Soccer,Golden???,Colorado,Golden,Colorado,"Lyon, France",,Golden High School,"Golden???, Colorado","Golden, Colorado","Lyon, France, "
297,Mallory ,Swanson,Soccer,Littelon ,Colorado,Highlands Ranch,Colorado,Chicago,Illinois,,"Littelon , Colorado","Highlands Ranch, Colorado","Chicago, Illinois"
298,Naomi,Girma,Soccer,San Jose,California,San Jose,California,San Diego,California,Stanford University,"San Jose, California","San Jose, California","San Diego, California"
299,Rose,Lavelle,Soccer,Cincinnati,Ohio,Cincinnati,Ohio,Tacoma,Washington,Univeristy of Wisconsin,"Cincinnati, Ohio","Cincinnati, Ohio","Tacoma, Washington"
300,Sam ,Coffey,Soccer,Sleepy Hollow ,New York,Sleepy Hollow ,New York,Portland,Oregon,Pennsylvania State University ,"Sleepy Hollow , New York ","Sleepy Hollow , New York","Portland, Oregon"
301,Sophia,Smith,Soccer,Windsor ,Colorado,Windsor,Colorado,Portland,Oregon,Stanford University,"Windsor , Colorado","Windsor, Colorado","Portland, Oregon"
302,Tierna,Davidson,Soccer,Menlo Park,California,Menlo Park,California,Chicago,Illinois,Stanford University,"Menlo Park, California","Menlo Park, California","Chicago, Illinois"
303,Trinity,Rodman,Soccer,Newport Beach,California,Newport Beach,California,Washington,DC,Washington State University,"Newport Beach, California","Newport Beach, California","Washington, DC"
304,Griffin,Colapinto,Surfing,Mission Viejo,California,San Clemente,California,San Clemente,California,San Clemente High School,"Mission Viejo, California","San Clemente, California","San Clemente, California"
305,John John,Florence,Surfing,Honolulu,Hawaii,Haleiwa,Hawaii,"North Shore, Oahu",Hawaii,Kahuku High School,"Honolulu, Hawaii","Haleiwa, Hawaii","North Shore, Oahu, Hawaii"
306,Caitlin,Simmers,Surfing,Oceanside,California,Oceanside,California,Oceanside,California,Coastal Academy High School,"Oceanside, California","Oceanside, California","Oceanside, California"
307,Carissa,Moore,Surfing,Honolulu,Hawaii,Honolulu,Hawaii,Honolulu,Hawaii,Punahou High,"Honolulu, Hawaii","Honolulu, Hawaii","Honolulu, Hawaii"
308,Caroline,Marks,Surfing,Boca Raton,Florida,Melbourne Beach,Florida,San Clemente,California,,"Boca Raton, Florida","Melbourne Beach, Florida","San Clemente, California "
309,Aaron,Shackell,Swimming,Mission Viejo,California,Carmel,Indiana,Carmel,Indiana,University of California (Current) / University of Texas (future),"Mission Viejo, California","Carmel, Indiana","Carmel, Indiana"
310,Blake,Pieroni,Swimming,Crown Point,Indiana,Chesterton,Indiana,Bloomington,Indiana,Indiana University,"Crown Point, Indiana","Chesterton, Indiana","Bloomington, Indiana"
311,Bobby,Finke,Swimming,Tampa,Florida,Clearwater,Florida,Clearwater,Florida,University of Florida,"Tampa, Florida","Clearwater, Florida","Clearwater, Florida"
312,Brooks,Curry,Swimming,Atlanta,Georgia,Atlanta,Georgia,Berkeley ,California,Louisiana State University,"Atlanta, Georgia","Atlanta, Georgia","Berkeley , California "
313,Caeleb,Dressel,Swimming,Orange Park,Florida,Orange Park,Florida,Micanopy,Florida,University of Florida,"Orange Park, Florida","Orange Park, Florida","Micanopy, Florida"
314,Carson,Foster,Swimming,Cincinnati,Ohio,Cincinnati,Ohio,Austin,Texas,University of Texas,"Cincinnati, Ohio","Cincinnati, Ohio","Austin, Texas"
315,Charlie ,Swanson,Swimming,Richmond ,Virginia,Richmond ,Virginia,Ann Arbor,Michigan,University of Michigan,"Richmond , Virginia ","Richmond , Virginia ","Ann Arbor, Michigan "
316,Chase,Kalisz,Swimming,Baltimore,Maryland,Bel Air,Maryland,Los Angeles ,California,University of Georgia ,"Baltimore, Maryland","Bel Air, Maryland","Los Angeles , California "
317,Chris,Guiliano,Swimming,Douglassville,Pennsylvania,Douglassville,Pennsylvania,Chicago ,Illinois,University of Notre Dame,"Douglassville, Pennsylvania","Douglassville, Pennsylvania","Chicago , Illinois "
319,Drew,Kibler,Swimming,Indianapolis,Indiana,Carmel,Indiana,Scottsdale ,Arizona,University of Texas,"Indianapolis, Indiana","Carmel, Indiana","Scottsdale , Arizona "
320,Hunter,Armstrong,Swimming,Dover,Ohio,Dover,Ohio,Dover,Ohio,Ohio State University,"Dover, Ohio","Dover, Ohio","Dover, Ohio"
322,Jack,Alexy,Swimming,Morristown,New Jersey,Mendham,New Jersey,Berkeley,California,"University of California, Berkeley","Morristown, New Jersey","Mendham, New Jersey","Berkeley, California "
323,Josh,Matheny,Swimming,Pittsburgh,Pennsylvania,Pittsburgh,Pennsylvania,Bloomington ,Indiana,Indiana University,"Pittsburgh, Pennsylvania","Pittsburgh, Pennsylvania","Bloomington , Indiana"
324,Keaton,Jones,Swimming,Gilbert,Arizona,Gilbert,Arizona,Berkeley,California,"University of California, Berkeley","Gilbert, Arizona","Gilbert, Arizona","Berkeley, California "
325,Kieran,Smith,Swimming,Ridgefield,Connecticut,Ridgefield,Connecticut,Gainesville,Florida,University of Florida,"Ridgefield, Connecticut","Ridgefield, Connecticut","Gainesville, Florida"
326,Luca ,Urlando,Swimming,Sacramento ,California,Sacramento ,California,Sacramento ,California,University of Georgia ,"Sacramento , California ","Sacramento , California ","Sacramento , California "
327,Luke,Hobson,Swimming,Reno,Nevada,Reno,Nevada,Austin,Texas,University of Texas,"Reno, Nevada","Reno, Nevada","Austin, Texas"
328,Luke ,Whitlock,Swimming,Noblesville,Indiana,Noblesville,Indiana,Fishers,Indiana,University of Florida ,"Noblesville, Indiana","Noblesville, Indiana","Fishers, Indiana"
330,Matt,Fallon,Swimming,Warren,New Jersey,Warren,New Jersey,Philadelphia ,Pennsylvania,University of Pennsylvania,"Warren, New Jersey","Warren, New Jersey","Philadelphia , Pennsylvania"
331,Nic,Fink,Swimming,Houston,Texas,Morristown,New Jersey,Athens,Georgia,University of Georgia ,"Houston, Texas","Morristown, New Jersey","Athens, Georgia"
333,Ryan,Murphy,Swimming,Chicago,Illinois,Ponte Vedra Beach,Florida,Berkeley,California,"University of California, Berkeley","Chicago, Illinois","Ponte Vedra Beach, Florida","Berkeley, California "
334,Thomas,Heilman,Swimming,Crozet,Virginia,Crozet,Virginia,Charlottesville ,Virginia,University of Virginia (future),"Crozet, Virginia","Crozet, Virginia","Charlottesville , Virginia"
336,Abbey,Weitzeil,Swimming,Valencia,California,Saugus,California,Saugus,California,"University of California, Berkeley","Valencia, California","Saugus, California","Saugus, California"
337,Alex,Shackell,Swimming,Mission Viejo,California,Carmel,Indiana,Carmel,Indiana,"University of California, Berkeley (future)","Mission Viejo, California","Carmel, Indiana","Carmel, Indiana"
338,Alex ,Walsh,Swimming,Nashville,Tennessee,Nashville,Tennessee,Charlottesville,Virginia,University of Virginia ,"Nashville, Tennessee","Nashville, Tennessee","Charlottesville, Virginia"
339,Anna,Peplowski,Swimming,Germantown Hills,Illinois,Germantown Hills,Illinois,Indiana,,Indiana University,"Germantown Hills, Illinois","Germantown Hills, Illinois","Indiana, "
340,Claire,Weinstein,Swimming,White Plains,New York,White Plains,New York,Las Vegas,Nevada,"University of California, Berkeley (future)","White Plains, New York","White Plains, New York","Las Vegas, Nevada"
341,Emma,Weber ,Swimming,Denver ,Colorado,Denver ,Colorado,Charlottesville ,Virginia,University of Virginia ,"Denver , Colorado ","Denver , Colorado ","Charlottesville , Virginia"
342,Emma,Weyant,Swimming,Sarasota,Florida,Sarasota ,Florida,Gainesville,Florida,Univeristy of Florida ,"Sarasota, Florida","Sarasota , Florida","Gainesville, Florida"
343,Erika,Connolly (formerly Brown),Swimming,Modesto ,California,Cornelius,North Carolina,Knoxville,Tennessee,University of Tennessee ,"Modesto , California ","Cornelius, North Carolina","Knoxville, Tennessee"
344,Erin,Gemmell,Swimming,Potomac,Maryland,Potomac,Maryland,Austin,Texas,University of Texas,"Potomac, Maryland","Potomac, Maryland","Austin, Texas"
345,Gretchen,Walsh,Swimming,Nashville,Tennessee,Nashville,Tennessee,Charlottesville ,Virginia,University of Virginia,"Nashville, Tennessee","Nashville, Tennessee","Charlottesville , Virginia"
346,Kate,Douglass,Swimming,New York,New York,Pelham,New York,Pelham,New York,University of Virginia ,"New York, New York","Pelham, New York","Pelham, New York"
347,Katharine,Berkoff,Swimming,Missoula,Montana,Missoula,Montana,Missoula,Montana,North Carolina State University ,"Missoula, Montana","Missoula, Montana","Missoula, Montana"
348,Katie,Grimes,Swimming,Las Vegas,Nevada,Las Vegas,Nevada,Las Vegas,Nevada,,"Las Vegas, Nevada","Las Vegas, Nevada","Las Vegas, Nevada"
349,Katie,Ledecky,Swimming,Washington,DC,Bethesda,Maryland,Gainesville,Florida,Stanford University,"Washington, DC","Bethesda, Maryland","Gainesville, Florida "
350,Lilly,King,Swimming,Evansville,Indiana,Evansville,Indiana,Bloomington,Indiana,Indiana University Bloomington,"Evansville, Indiana","Evansville, Indiana","Bloomington, Indiana"
351,Mariah,Denigan,Swimming,Fairfield,Ohio,Walton,Kentucky,Bloomington ,Indiana,Indiana University,"Fairfield, Ohio","Walton, Kentucky","Bloomington , Indiana "
352,Paige,Madden,Swimming,Mobile,Alabama,Mobile,Alabama,Mobile,Alabama,University of Virginia ,"Mobile, Alabama","Mobile, Alabama","Mobile, Alabama"
353,Phoebe,Bacon,Swimming,Chevy Chase,Maryland,Chevy Chase,Maryland,Chevy Chase,Maryland,University of Wisconsin-Madison,"Chevy Chase, Maryland","Chevy Chase, Maryland","Chevy Chase, Maryland"
354,Regan,Smith,Swimming,Redwood Shores,California,Lakeville,Minnesota,Lakeville,Minnesota,Stanford University,"Redwood Shores, California","Lakeville, Minnesota","Lakeville, Minnesota"
355,Simone,Manuel,Swimming,Houston,Texas,Sugar Land,Texas,Mountain View,California,Stanford University,"Houston, Texas","Sugar Land, Texas","Mountain View, California"
356,"Victoria ""Torri""",Huske,Swimming,Arlington ,Virginia,Arlington ,Virginia,Arlington ,Virginia,Stanford University,"Arlington , Virginia","Arlington , Virginia","Arlington , Virginia"
358,Lily,Zhang,Table Tennis,Redwood City,California,Palo Alto,California,Redwood City,California,"University of California, Berkeley ","Redwood City, California","Palo Alto, California","Redwood City, California"
360,Kanak ,Jha,Table Tennis,Milipitas,California,Milipitas,California,Milipitas,California,Milpitas High School,"Milipitas, California","Milipitas, California","Milipitas, California"
361,CJ,Nickolas,Taekwondo,Oakland,California,Brentwood,California,Charlotte,North Carolina,,"Oakland, California","Brentwood, California","Charlotte, North Carolina"
363,Faith ,Dillon ,Taekwondo,Los Vegas ,Nevada,Las Vegas,Nevada,Las Vegas,Nevada,,"Los Vegas , Nevada ","Las Vegas, Nevada","Las Vegas, Nevada"
364,Kristina ,Teachout ,Taekwondo,Palm Beach ,Florida,Palm Beach ,Flroida,Colorado Springs ,Colorado,,"Palm Beach , Florida ","Palm Beach , Flroida ","Colorado Springs , Colorado "
365,Austin ,Krajicek,Tennis ,Tampa ,Florida,Tampa ,Florida,Tampa ,Florida,Texas A&M University ,"Tampa , Florida ","Tampa , Florida ","Tampa , Florida "
366,Chris ,Eubanks ,Tennis,Atlanta ,Georgia,Atlanta ,Georgia,Atlanta ,Georgia,Georgia Tech University ,"Atlanta , Georgia ","Atlanta , Georgia","Atlanta , Georgia "
367,Marcos ,Giron ,Tennis,Thousand Oaks ,California,Thousand Oaks ,California,Los Angeles ,California,UCLA ,"Thousand Oaks , California","Thousand Oaks , California ","Los Angeles , California "
368,Rajeev ,Ram ,Tennis,Denver ,Colorado,Denver ,Colorado,Indianapolis ,Indiana,Illinois Univeristy ,"Denver , Colorado ","Denver , Colorado ","Indianapolis , Indiana "
369,Taylor ,Fritz,Tennis,Rancho Sante Fe,California,Rancho Santa Fe ,California,Rancho Santa Fe ,California,,"Rancho Sante Fe, California","Rancho Santa Fe , California","Rancho Santa Fe , California "
370,Tommy ,Paul,Tennis,Camden County ,New Jersey,Camden County ,New Jersey,Boca Rotan ,Florida,,"Camden County , New Jersey ","Camden County , New Jersey ","Boca Rotan , Florida "
371,Coco,Gauff,Tennis,Atlanta,Georgia,Delray Beach,Florida,Delray Beach,Florida,,"Atlanta, Georgia","Delray Beach, Florida","Delray Beach, Florida"
372,Danielle ,Collins ,Tennis ,St. Petersburg ,Florida,St. Petersburg ,Florida,Bradenton ,Florida,University of Florida; University of Virgina ,"St. Petersburg , Florida ","St. Petersburg , Florida","Bradenton , Florida "
375,Jessica ,Pegula ,Tennis,Buffalo ,New York,Buffalo ,New York,Boca Rotan ,Florida,,"Buffalo , New York ","Buffalo , New York ","Boca Rotan , Florida "
377,Chris ,Bailey,Track and Field,Atlanta,Georgia,Atlanta,Georgia,Atlanta,Georgia,University of Arkansas,"Atlanta, Georgia","Atlanta, Georgia","Atlanta, Georgia"
378,Chris,Nilsen,Track and Field,Kansas City,Missouri,Kansas City,Missouri,Vermillion,South Dakota,South Dakota University,"Kansas City, Missouri","Kansas City, Missouri","Vermillion, South Dakota"
380,Clayton,Young,Track and Field,Clovis,California,American Fork,Utah,Springville,Utah,Brigham Young University,"Clovis, California","American Fork, Utah","Springville, Utah"
381,Cole,Hocker,Track and Field,Indianapolis,Indiana,Indianapolis,Indiana,Eugene,Oregon,University of Oregon,"Indianapolis, Indiana","Indianapolis, Indiana","Eugene, Oregon"
382,Conner,Mantz,Track and Field,Logan,Utah,Smithfield,Utah,Provo,Utah,Brigham Young University,"Logan, Utah","Smithfield, Utah","Provo, Utah"
385,Fred,Kerley,Track and Field,Taylor,Texas,Morgan City  ,Louisiana,Miami ,Florida,Texas A&M / South Plains College,"Taylor, Texas","Morgan City  , Louisiana	","Miami , Florida"
386,Grant,Fisher,Track and Field,"Calgary, Canada",,Grand Blanc,Michigan,Park City,Utah,Stanford University,"Calgary, Canada, ","Grand Blanc, Michigan","Park City, Utah"
388,Hobbs,Kessler,Track and Field,Ann Arbor,Michigan,Ann Arbor,Michigan,Flagstaff,Arizona,,"Ann Arbor, Michigan","Ann Arbor, Michigan","Flagstaff, Arizona"
389,Harrison ,Williams ,Track and Field,Houston ,Texas,Houston ,Texas,San Francisco ,California,Stanford University ,"Houston , Texas ","Houston , Texas ","San Francisco , California"
390,Heath ,Baldwin ,Track and Field,Kalamazoo,Michigan,Kalamazoo,Michigan,East Lansing ,Michigan,Michigan St. University ,"Kalamazoo, Michigan ","Kalamazoo, Michigan","East Lansing , Michigan "
391,Jacob ,Wooten ,Track and Field,Tomball ,Texas,Tomball ,Texas,College Station ,Texas,A&M University ,"Tomball , Texas ","Tomball , Texas ","College Station , Texas "
393,Joe,Kovacs,Track and Field,Bethlehem,Pennslyvania,Bethlehem,Pennslyvania,Brentwood,Tennessee,Penn State University,"Bethlehem, Pennslyvania","Bethlehem, Pennslyvania","Brentwood, Tennessee"
396,Kenny,Bednarek,Track and Field,Tulsa,Oklahoma,Rice Lake,Wisconsin,Orlando,Florida,Indian Hills Community College,"Tulsa, Oklahoma","Rice Lake, Wisconsin","Orlando, Florida"
397,Leonard ,Korir,Track and Field,Iten ,Kenya,Colorado Springs,Colorado,Colorado Springs,Colorado,Iona College,"Iten , Kenya ","Colorado Springs, Colorado ","Colorado Springs, Colorado "
400,Michael,Norman,Track and Field,San Diego,California,Murrieta,California,Los Angeles,California,University of Southern California,"San Diego, California","Murrieta, California","Los Angeles, California"
401,Nico ,Young ,Track and Field,Camarillo ,California,Camarillo ,California,Flagstaff,Arizona,Northern Arizona University ,"Camarillo , California","Camarillo , California ","Flagstaff, Arizona"
402,Noah,Lyles,Track and Field,Gainesville,Florida,Alexandria,Virginia,Clermont,Florida,TC Williams High School,"Gainesville, Florida","Alexandria, Virginia","Clermont, Florida"
404,Payton,Otterdahl,Track and Field,Rosemount,Minnesota,Rosemount,Minnesota,Rosemount ,Minnesota,North Dakota State University,"Rosemount, Minnesota","Rosemount, Minnesota","Rosemount , Minnesota "
407,Ryan,Crouser,Track and Field,Portland,Oregon,Boring,Oregon,Fayetteville,Arkansas,University of Texas at Austin,"Portland, Oregon","Boring, Oregon","Fayetteville, Arkansas "
408,Sam,Kendricks,Track and Field,Oceanside,California,Oxford,Mississippi,Oxford,Mississippi,University of Mississippi,"Oceanside, California","Oxford, Mississippi","Oxford, Mississippi"
410,Woody,Kincaid,Track and Field,Littleton,Colorado,Littleton,Colorado,Flagstaff,Arizona,University of Portland,"Littleton, Colorado","Littleton, Colorado","Flagstaff, Arizona"
411,Yared,Nuguse,Track and Field,Louisville,Kentucky,Louisville,Kentucky,Louisville,Kentucky,University of Notre Dame,"Louisville, Kentucky","Louisville, Kentucky","Louisville, Kentucky"
412,Zach,Ziemek,Track and Field,Elmhurst,Illinois,Itasca,Illinois,Madison,Wisconsin,University of Wisconsin ,"Elmhurst, Illinois","Itasca, Illinois","Madison, Wisconsin"
413,Aaliyah,Butler ,Track and Field,Fort Lauderdale ,Florida,Fort Lauderdale,Florida,Atlanta ,Georgia,University of Georgia ,"Fort Lauderdale , Florida","Fort Lauderdale, Florida ","Atlanta , Georgia"
414,Alexis ,Holmes ,Track and Field,Hamden ,Conneticut,Hamden ,Connecticut,Orlando ,Florida,University of Florida,"Hamden , Conneticut ","Hamden , Connecticut","Orlando , Florida "
415,Allie ,Wilson,Track and Field,Wallingford,Pennsylvania,Wallingford,Pennsylvania,Atlanta ,Georgia,Monmouth University ,"Wallingford, Pennsylvania","Wallingford, Pennsylvania","Atlanta , Georgia"
416,Anna ,Hall,Track and Field,Denver ,Colorado,Greenwood Village,Colorado,Gainesville,Florida,University of Florida,"Denver , Colorado ","Greenwood Village, Colorado","Gainesville, Florida"
417,Annette,Echikunwoke,Track and Field,Pickerington North ,Ohio,Pickering North ,Ohio,Indianaplois ,Indiana,Cincinnati University ,"Pickerington North , Ohio ","Pickering North , Ohio ","Indianaplois , Indiana "
422,DeAnna,Price,Track and Field,Saint Charles,Missouri,Troy,Missouri,Carbondale ,Illinois,Southern Illinois University,"Saint Charles, Missouri","Troy, Missouri","Carbondale , Illinois"
423,Elise,Cranny,Track and Field,Niwot,Colorado,Niwot,Colorado,Boulder,Colorado,Stanford University,"Niwot, Colorado","Niwot, Colorado","Boulder, Colorado"
424,Elle,St. Pierre,Track and Field,Montgomery,Vermont,Berkshire,Vermont,Berkshire,Vermont,University of New Hampshire ,"Montgomery, Vermont","Berkshire, Vermont","Berkshire, Vermont"
425,Emily,Sisson,Track and Field,Milwaukee,Wisconsin,Chesterfield,Missouri,Scottsdale,Arizona,Providence College,"Milwaukee, Wisconsin","Chesterfield, Missouri","Scottsdale, Arizona"
427,Fiona,O'Keeffe,Track and Field,Davis,California,Davis,California,Chapell Hill,North Carolina,Stanford University,"Davis, California","Davis, California","Chapell Hill, North Carolina"
430,Juliette,Whittaker,Track and Field,Laurel,Maryland,Laurel,Maryland,Stanford,California,Stanford University,"Laurel, Maryland","Laurel, Maryland","Stanford, California"
431,Karissa,Schweizer,Track and Field,Urbandale,Iowa,Urbandale,Iowa,Portland,Oregon,University of Missouri ,"Urbandale, Iowa","Urbandale, Iowa","Portland, Oregon"
433,Kendall,Ellis,Track and Field,Pembroke Pines,Florida,Pembroke Pines,Florida,North Hollywood/Los Angeles,California,University of Southern California,"Pembroke Pines, Florida","Pembroke Pines, Florida","North Hollywood/Los Angeles, California"
436,Melissa ,Jefferson ,Track and Field,Hemingway ,South Carolina,Hemingway ,South Carolina,Conway ,South Carolina,Coastal Carolina University ,"Hemingway , South Carolina ","Hemingway , South Carolina","Conway , South Carolina "
437,Nia ,Akins,Track and Field,San Diego,California,San Diego,California,San Diego,California,University of Pennsylvania,"San Diego, California","San Diego, California","San Diego, California"
438,Rachel ,Glenn,Track and Field,Long Beach,California,Long Beach,California,Fayetteville,Arkansas,University of South Carolina / University of Arkansas,"Long Beach, California","Long Beach, California","Fayetteville, Arkansas "
439,Sha'Carri,Richardson ,Track and Field,Dallas ,Texas,Dallas ,Texas,Dallas ,Texas,LSU ,"Dallas , Texas ","Dallas , Texas ","Dallas , Texas "
443,Teetee ,Terry ,Track and Field,Miami ,Florida,Miami ,Florida,Miami ,Florida,University of Southern California ,"Miami , Florida","Miami , Florida ","Miami , Florida "
446,Vashti,Cunningham,Track and Field,Las Vegas,Nevada,Las Vegas,Nevada,Las Vegas,Nevada,Sacramento State University,"Las Vegas, Nevada","Las Vegas, Nevada","Las Vegas, Nevada"
534,Morgan,Pearson,Triathlon,Washington,DC,New Vernon,New Jersey,Boulder,Colorado,University of Colorado Boulder,"Washington, DC","New Vernon, New Jersey","Boulder, Colorado"
536,Taylor,Knibb,Triathlon,Washington,DC,Washington,DC,Boulder,Colorado,Cornell University,"Washington, DC","Washington, DC","Boulder, Colorado"
537,Taylor,Spivey,Triathlon,Redondo Beach,California,Manhattan Beach,California,Girona,Spain,California Polytechnic State University,"Redondo Beach, California","Manhattan Beach, California","Girona, Spain "
539,Matt,Anderson,Volleyball,Buffalo,New York,West Seneca,New York,Italy,,Penn State University,"Buffalo, New York","West Seneca, New York","Italy, "
540,Taylor,Averill,Volleyball,Portland,Oregon,San Jose,California,Poland,,University of Hawaii,"Portland, Oregon","San Jose, California","Poland, "
541,Micah,Christenson,Volleyball,Honolulu,Hawaii,Honolulu,Hawaii,Redondo Beach,California,University of Southern California,"Honolulu, Hawaii","Honolulu, Hawaii","Redondo Beach, California"
542,T.J.,DeFalco,Volleyball,Cassville,Missouri,Huntington Beach,California,"Olszytn, Poland",,California State University Long Beach,"Cassville, Missouri","Huntington Beach, California","Olszytn, Poland, "
543,Max,Holt,Volleyball,Cincinnati,Ohio,Cincinnati,Ohio,Orange County,California,Penn State University,"Cincinnati, Ohio","Cincinnati, Ohio","Orange County, California"
544,Thomas,Jaeschke,Volleyball,Hinsdale,Illinois,Wheaton,Illinois,Italy,,Loyola University Chicago,"Hinsdale, Illinois","Wheaton, Illinois","Italy, "
545,Jeff,Jendryk II,Volleyball,Wheaton,Illinois,Wheaton,Illinois,Poland,,Loyola University Chicago,"Wheaton, Illinois","Wheaton, Illinois","Poland, "
547,Garrett,Muagututia,Volleyball,Oceanside,California,Oceanside ,California,Egypt ,,UCLA,"Oceanside, California","Oceanside , California","Egypt , "
548,Aaron,Russell,Volleyball,Arbutus,Maryland,Ellicott City,Maryland,Japan,,Penn State University,"Arbutus, Maryland","Ellicott City, Maryland","Japan, "
549,Erik,Shoji,Volleyball,Honolulu,Hawaii,Honolulu,Hawaii,"Novy Urengoy, Russia ",,Stanford University,"Honolulu, Hawaii","Honolulu, Hawaii","Novy Urengoy, Russia , "
550,David,Smith,Volleyball,Panorama City,California,Saugus,California,Saugus,California,"University of California, Irvine ","Panorama City, California","Saugus, California","Saugus, California"
551,Lauren ,Carlini ,Volleyball,Geneva ,Illinois,Aurora ,Illinois,Madison ,Wisconsin,University of Wisconsin ,"Geneva , Illinois ","Aurora , Illinois ","Madison , Wisconsin "
552,Annie ,Drews ,Volleyball,Elkhart ,Indiana,Elkhart ,Indiana,Orange County ,California,Purdue University ,"Elkhart , Indiana ","Elkhart , Indiana ","Orange County , California"
553,Jordan ,Larson ,Volleyball,Fremont ,Nebraska,Hooper ,Nebraska,Anaheim ,California,University of Nebraska ,"Fremont , Nebraska ","Hooper , Nebraska ","Anaheim , California"
554,Chiaka ,Ogbogu ,Volleyball,Newark ,New Jersey,Coppell ,Texas,Austin ,Texas,University of Texas ,"Newark , New Jersey ","Coppell , Texas ","Austin , Texas "
555,Kathryn ,Plummer ,Volleyball,Long Beach ,California,Aliso Viejo ,California,Imoco Volley ,Italy,Stanford University,"Long Beach , California","Aliso Viejo , California","Imoco Volley , Italy "
556,Jordyn ,Poulter ,Volleyball,Naperville ,Illinois,Aurora ,Colorado,Imoco Volley ,Italy,University of Illinois ,"Naperville , Illinois ","Aurora , Colorado ","Imoco Volley , Italy "
557,Dana ,Rettke ,Volleyball,Riverdale ,Illinois,Riverside ,Illinois,Vero Valley ,Italy,University of Wisconsin ,"Riverdale , Illinois ","Riverside , Illinois ","Vero Valley , Italy "
558,Kelsey,Robinson Cook,Volleyball,Elmhurst ,Illinois,Bartlett ,Illinois,Los Angeles ,California,University of Tennessee ,"Elmhurst , Illinois ","Bartlett , Illinois ","Los Angeles , California"
559,Jordan ,Thompson,Volleyball,Edina ,Minnesota,Edina ,Minnesota,Instanbul ,Turkey,University of Cincinnati ,"Edina , Minnesota ","Edina , Minnesota ","Instanbul , Turkey "
560,Avery ,Skinner ,Volleyball,Katy ,Texas,Katy ,Texas,Austin ,Texas,University of Kentucky ,"Katy , Texas ","Katy , Texas ","Austin , Texas "
561,Haleigh ,Washington,Volleyball,Denver ,Colorado,Colorado Springs ,Colorado,Colorado Springs ,Colorado,Pennsylvania State University ,"Denver , Colorado ","Colorado Springs , Colorado ","Colorado Springs , Colorado "
563,Amanda,Longan,Water Polo,Moorpark,California,Moorpark,California,Long Beach ,California,University of Southern California,"Moorpark, California","Moorpark, California","Long Beach , California"
564,Ashleigh,Johnson,Water Polo,Miami,Florida,Miami,Florida,Seal Beach,California,Princeton University,"Miami, Florida","Miami, Florida","Seal Beach, California"
566,Jenna,Flynn,Water Polo,San Jose,California,San Jose,California,Los Angeles,California,Stanford University,"San Jose, California","San Jose, California","Los Angeles, California"
567,Jewel,Roemer,Water Polo,Oakland,California,Martinez,California,Los Angeles,California,Stanford University,"Oakland, California","Martinez, California","Los Angeles, California"
570,Kaleigh,Gilchrist,Water Polo,Newport Beach,California,Newport Beach,California,Newport Beach,California,University of Southern California,"Newport Beach, California","Newport Beach, California","Newport Beach, California"
571,Maggie,Steffens,Water Polo,San Ramon,California,Danville,California,Long Beach,California,Stanford University,"San Ramon, California","Danville, California","Long Beach, California"
572,Madeline,Musselman,Water Polo,Newport Beach,California,Newport Beach,California,Newport Beach,California,"University of California, Los Angeles ","Newport Beach, California","Newport Beach, California","Newport Beach, California"
573,Rachel,Fattal,Water Polo,Los Alamitos,California,Seal Beach,California,Seal Beach,California,"University of California, Los Angeles ","Los Alamitos, California","Seal Beach, California","Seal Beach, California"
574,Ryann,Neushul,Water Polo,Isla Vista,California,Isla Vista,California,Los Angeles,California,Stanford University,"Isla Vista, California","Isla Vista, California","Los Angeles, California"
576,Adrian,Weinberg,Water Polo,Los Angeles,California,Los Angeles,California,Berkeley ,California,"University of California, Berkeley","Los Angeles, California","Los Angeles, California","Berkeley , California"
577,Alex,Bowen,Water Polo,San Diego,California,Santee,California,San Diego,California,Stanford University,"San Diego, California","Santee, California","San Diego, California"
578,Alex,Obert,Water Polo,Yorba Linda,California,Loomis/Sacremento,California,Orange,California,University of the Pacific ,"Yorba Linda, California","Loomis/Sacremento, California","Orange, California"
579,Ben,Hallock,Water Polo,Santa Barbara,California,Westlake Village,California,Los Angeles,California,Stanford University,"Santa Barbara, California","Westlake Village, California","Los Angeles, California"
580,Chase,Dodd,Water Polo,Long Beach,California,Long Beach,California,Los Angeles,California,"University of California, Los Angeles ","Long Beach, California","Long Beach, California","Los Angeles, California"
581,Drew,Holland,Water Polo,Berkeley,California,Orinda,California,Orinda,California,Stanford University,"Berkeley, California","Orinda, California","Orinda, California"
582,Dylan,Woodhead,Water Polo,San Anselmo,California,San Anselmo,California,San Rafael ,California,Stanford University,"San Anselmo, California","San Anselmo, California","San Rafael , California"
583,Hannes,Daube,Water Polo,Newport Beach,California,Long Beach,California,Long Beach,California,University of Southern California,"Newport Beach, California","Long Beach, California","Long Beach, California"
584,Johnny ,Hooper,Water Polo,Los Angeles,California,Los Angeles,California,Los Angeles,California,"University of California, Berkeley","Los Angeles, California","Los Angeles, California","Los Angeles, California"
585,Luca,Cupido,Water Polo,"Genova, Italy",,"Santa Margherita, Italy",,Los Angeles,California,"University of California, Berkeley","Genova, Italy, ","Santa Margherita, Italy, ","Los Angeles, California"
586,Marko,Vavic,Water Polo,Torrance ,California,Rancho Palos Verdes,California,Los Angeles,California,University of Southern California,"Torrance , California","Rancho Palos Verdes, California","Los Angeles, California"
587,Max,Irving,Water Polo,Long Beach,California,Long Beach,California,Long Beach,California,"University of California, Los Angeles ","Long Beach, California","Long Beach, California","Long Beach, California"
588,Ryder,Dodd,Water Polo,Long Beach,California,Long Beach,California,Long Beach,California,"JSerra Catholic High School / University of California, Los Angeles (Future)","Long Beach, California","Long Beach, California","Long Beach, California"
589,Hampton  ,Morris ,Weightlifting ,Marietta ,Georgia,Marietta ,Georgia,Marietta ,Georgia,,"Marietta , Georgia ","Marietta , Georgia ","Marietta , Georgia "
590,Wes ,Kitts,Weightlifting ,Knoxville ,Tennessee,Knoxville ,Tennessee,Sacramento ,California,,"Knoxville , Tennessee ","Knoxville , Tennessee ","Sacramento , California "
591,Jourdan,Delacruz,Weightlifting,Wylie,Texas,Wylie,Texas,Lawrenceville,Georgia,University of Northern Colorado,"Wylie, Texas","Wylie, Texas","Lawrenceville, Georgia"
592,Mary ,Theisen-Lappen,Weightlifting ,Eau Claire,Wisconsin,Eau Claire,Wisconsin,Bloomington ,Indiana,Indiana State University/University of Missouri,"Eau Claire, Wisconsin ","Eau Claire, Wisconsin ","Bloomington , Indiana "
593,Olivia ,Reeves,Weightlifting ,Hixson,Tennessee,Hixson,Tennessee,Chattanooga,Tennessee,University of Tennessee-Chattanooga,"Hixson, Tennessee ","Hixson, Tennessee ","Chattanooga, Tennessee"
594,Amit,Elor,Wrestling,Walnut Creek,California,Walnut Creek,California,Walnut Creek ,California,Diablo Valley College,"Walnut Creek, California","Walnut Creek, California","Walnut Creek , California"
595,Dom,Parrish,Wrestling,Scotts Valley,California,Scotts Valley,California,Tempe,Arizona,"Simon Fraser University (British Columbia, Canada)","Scotts Valley, California","Scotts Valley, California","Tempe, Arizona"
597,Kayla,Miracle,Wrestling,Culver,Indiana,Bloomington,Indiana,Tempe,Arizona,Campbellsville,"Culver, Indiana","Bloomington, Indiana","Tempe, Arizona"
599,Sarah,Hildebrandt,Wrestling,Granger,Indiana,Granger,Indiana,Colorado Springs,Colorado,King University,"Granger, Indiana","Granger, Indiana","Colorado Springs, Colorado"
604,Kyle ,Snyder ,Wrestling ,Woodbine ,Maryland,Woodbine,Maryland,Mechanicsburg ,Pennsylvania,Ohio State University ,"Woodbine , Maryland","Woodbine, Maryland","Mechanicsburg , Pennsylvania "
608,Zain,Retherford,Wrestling,Kenosha,Wisconsin,Benton,Pennsylvania,State College,Pennsylvania,Penn State University,"Kenosha, Wisconsin","Benton, Pennsylvania ","State College, Pennsylvania "
